pc_outcome,gp_con_yes,n,prop
contact_12,4716,16824,0.28031383737517834
contact_2,18522,86104,0.2151119576326303
contact_24,6812,28022,0.24309471129826565
contact_6,14926,52493,0.2843426742613301
contact_72,1554,6826,0.22765895106944037
speak_1,9452,53530,0.1765738838034747
speak_12,592,2468,0.23987034035656402
speak_2,2552,14252,0.1790625877069885
speak_24,626,2760,0.22681159420289856
speak_6,1882,7504,0.2507995735607676
