pc_outcome,gp_con_yes,n,prop
contact_12,3164,6923,0.4570273003033367
contact_2,11978,35974,0.3329626952799244
contact_24,4458,10830,0.4116343490304709
contact_6,9921,22304,0.444808106169297
contact_72,1015,2519,0.40293767368003175
speak_1,6534,25269,0.25857770390597173
speak_12,450,1084,0.4151291512915129
speak_2,1892,6477,0.29211054500540373
speak_24,405,1139,0.3555750658472344
speak_6,1340,3253,0.411927451583154
