pc_outcome,gp_con_yes,n,prop
contact_12,4764,16940,0.28122786304604486
contact_2,19442,87026,0.22340449980465607
contact_24,6884,27952,0.24627933600457927
contact_6,15200,52685,0.2885071652272943
contact_72,1590,6852,0.23204903677758318
speak_1,9812,54058,0.18150874986126012
speak_12,592,2448,0.24183006535947713
speak_2,2756,14564,0.18923372699807745
speak_24,636,2771,0.22952002887044387
speak_6,1946,7632,0.254979035639413
